{
  "_id": 86250981,
  "sys": 30002645,
  "time": 1596906049,
  "day": 1596844800,
  "hash": "1db0642078f8d828f8f16efbb672fef693545fc8",
  "fitV": 100842944,
  "sumV": 224633096,
  "moon": 0,
  "war": 0,
  "zkb": {
    "pts": 1,
    "npc": false,
    "solo": false,
    "awox": false,
    "loc": 40168441
  },
  "vict": {
    "char": 2114138446,
    "corp": 98596941,
    "ally": 448511760,
    "fctn": 0,
    "ship": 49711,
    "dmg": 31024,
    "pos": [
      71400094312.36494,
      8573911699.516112,
      -44660119996.96865
    ],
    "itms": [
      [
        21,
        12058,
        1,
        0
      ],
      [
        14,
        47911,
        1,
        0
      ],
      [
        16,
        3530,
        0,
        1
      ],
      [
        28,
        16467,
        1,
        0
      ],
      [
        12,
        11269,
        0,
        1
      ],
      [
        27,
        47930,
        307,
        0
      ],
      [
        94,
        31055,
        0,
        1
      ],
      [
        93,
        4395,
        0,
        1
      ],
      [
        27,
        47919,
        1,
        0
      ],
      [
        5,
        47931,
        0,
        274
      ],
      [
        11,
        2048,
        0,
        1
      ],
      [
        13,
        11269,
        1,
        0
      ],
      [
        92,
        31011,
        0,
        1
      ],
      [
        17,
        20351,
        1,
        0
      ],
      [
        19,
        448,
        1,
        0
      ],
      [
        15,
        47911,
        1,
        0
      ],
      [
        20,
        4025,
        0,
        1
      ],
      [
        29,
        16505,
        0,
        1
      ],
      [
        22,
        3496,
        1,
        0
      ]
    ]
  },
  "atts": [
    {
      "char": 95296935,
      "corp": 98558879,
      "ally": 99003995,
      "fctn": 0,
      "ship": 17738,
      "weap": 2929,
      "dmg": 14199,
      "blow": true
    },
    {
      "char": 92472609,
      "corp": 98558879,
      "ally": 99003995,
      "fctn": 0,
      "ship": 22444,
      "weap": 22444,
      "dmg": 6855,
      "blow": false
    },
    {
      "char": 1740773279,
      "corp": 98558879,
      "ally": 99003995,
      "fctn": 0,
      "ship": 17722,
      "weap": 17722,
      "dmg": 4646,
      "blow": false
    },
    {
      "char": 2115508394,
      "corp": 1000166,
      "ally": 0,
      "fctn": 0,
      "ship": 17738,
      "weap": 9491,
      "dmg": 3248,
      "blow": false
    },
    {
      "char": 91194699,
      "corp": 98558879,
      "ally": 99003995,
      "fctn": 0,
      "ship": 644,
      "weap": 27441,
      "dmg": 2076,
      "blow": false
    },
    {
      "char": 368319690,
      "corp": 98558879,
      "ally": 99003995,
      "fctn": 0,
      "ship": 11963,
      "weap": 17559,
      "dmg": 0,
      "blow": false
    },
    {
      "char": 1590304002,
      "corp": 98558879,
      "ally": 99003995,
      "fctn": 0,
      "ship": 11174,
      "weap": 1969,
      "dmg": 0,
      "blow": false
    },
    {
      "char": 95663758,
      "corp": 98558879,
      "ally": 99003995,
      "fctn": 0,
      "ship": 11978,
      "weap": 23707,
      "dmg": 0,
      "blow": false
    }
  ]
}
