{
  "_id": 91422916,
  "sys": 30005217,
  "time": 1615664370,
  "day": 1615593600,
  "hash": "f674415055b21fa6b7f6955577780723dc77a06a",
  "fitV": 1133720576,
  "sumV": 3062900703,
  "moon": 0,
  "war": 0,
  "zkb": {
    "pts": 6,
    "npc": false,
    "solo": false,
    "awox": false,
    "loc": 40329758
  },
  "vict": {
    "char": 2115141609,
    "corp": 1000072,
    "ally": 0,
    "fctn": 0,
    "ship": 28606,
    "dmg": 96219,
    "pos": [
      1899658018.3696833,
      -36485927.31080372,
      7809274110.561861
    ],
    "itms": [
      [
        155,
        25600,
        16,
        0
      ],
      [
        155,
        15331,
        0,
        11
      ],
      [
        155,
        16189,
        2,
        0
      ],
      [
        93,
        26068,
        0,
        1
      ],
      [
        155,
        12865,
        10,
        0
      ],
      [
        11,
        33983,
        1,
        0
      ],
      [
        155,
        15992,
        0,
        1
      ],
      [
        19,
        12084,
        0,
        1
      ],
      [
        20,
        1855,
        0,
        1
      ],
      [
        155,
        2205,
        3,
        0
      ],
      [
        94,
        26068,
        0,
        1
      ],
      [
        155,
        26328,
        0,
        1
      ],
      [
        155,
        4383,
        0,
        1
      ],
      [
        155,
        43694,
        0,
        2
      ],
      [
        155,
        43694,
        2,
        0
      ],
      [
        12,
        33983,
        0,
        1
      ],
      [
        155,
        2281,
        0,
        1
      ],
      [
        87,
        10246,
        0,
        4
      ],
      [
        87,
        10246,
        1,
        0
      ],
      [
        155,
        24576,
        1,
        0
      ],
      [
        155,
        2076,
        0,
        1
      ],
      [
        155,
        2076,
        1,
        0
      ],
      [
        92,
        26068,
        0,
        1
      ],
      [
        155,
        2013,
        1,
        0
      ],
      [
        155,
        24427,
        1,
        0
      ],
      [
        5,
        33475,
        0,
        1
      ],
      [
        87,
        2203,
        0,
        1
      ],
      [
        87,
        2203,
        4,
        0
      ],
      [
        155,
        31892,
        0,
        1
      ],
      [
        134,
        1230,
        0,
        735
      ],
      [
        134,
        1230,
        16324,
        0
      ],
      [
        155,
        28209,
        1,
        0
      ]
    ],
    "cnts": [
      {
        "flag": 90,
        "type": 52252,
        "drop": 0,
        "dstr": 1,
        "items": [
          [
            93,
            31378,
            0,
            1
          ],
          [
            21,
            17559,
            0,
            1
          ],
          [
            92,
            31366,
            0,
            1
          ],
          [
            28,
            16467,
            0,
            1
          ],
          [
            20,
            14260,
            0,
            1
          ],
          [
            19,
            41220,
            0,
            1
          ],
          [
            29,
            16467,
            0,
            1
          ],
          [
            5,
            47930,
            0,
            3278
          ],
          [
            27,
            16467,
            0,
            1
          ],
          [
            11,
            19017,
            0,
            1
          ],
          [
            12,
            19017,
            0,
            1
          ],
          [
            13,
            4403,
            0,
            1
          ],
          [
            14,
            47257,
            0,
            1
          ],
          [
            87,
            2185,
            0,
            2
          ],
          [
            22,
            18682,
            0,
            1
          ],
          [
            5,
            28668,
            0,
            666
          ],
          [
            15,
            18973,
            0,
            1
          ],
          [
            16,
            18943,
            0,
            1
          ],
          [
            30,
            47918,
            0,
            1
          ]
        ]
      },
      {
        "flag": 90,
        "type": 11192,
        "drop": 1,
        "dstr": 0,
        "items": [
          [
            19,
            33176,
            1,
            0
          ],
          [
            92,
            31220,
            1,
            0
          ],
          [
            5,
            30486,
            22,
            0
          ],
          [
            27,
            28756,
            1,
            0
          ],
          [
            22,
            33201,
            1,
            0
          ],
          [
            20,
            33201,
            1,
            0
          ],
          [
            23,
            33199,
            1,
            0
          ],
          [
            21,
            33201,
            1,
            0
          ]
        ]
      },
      {
        "flag": 90,
        "type": 4310,
        "drop": 1,
        "dstr": 0,
        "items": [
          [
            14,
            8263,
            1,
            0
          ],
          [
            19,
            6160,
            1,
            0
          ],
          [
            28,
            9495,
            1,
            0
          ],
          [
            94,
            31324,
            1,
            0
          ],
          [
            21,
            1978,
            1,
            0
          ],
          [
            34,
            9495,
            1,
            0
          ],
          [
            21,
            29001,
            1,
            0
          ],
          [
            23,
            5403,
            1,
            0
          ],
          [
            33,
            9495,
            1,
            0
          ],
          [
            11,
            519,
            1,
            0
          ],
          [
            31,
            9495,
            1,
            0
          ],
          [
            13,
            519,
            1,
            0
          ],
          [
            20,
            29001,
            1,
            0
          ],
          [
            22,
            5403,
            1,
            0
          ],
          [
            27,
            9495,
            1,
            0
          ],
          [
            32,
            9495,
            1,
            0
          ],
          [
            20,
            1978,
            1,
            0
          ],
          [
            92,
            31682,
            1,
            0
          ],
          [
            30,
            9495,
            1,
            0
          ],
          [
            29,
            9495,
            1,
            0
          ],
          [
            12,
            519,
            1,
            0
          ],
          [
            93,
            31324,
            1,
            0
          ],
          [
            19,
            29011,
            1,
            0
          ]
        ]
      }
    ]
  },
  "atts": [
    {
      "char": 91172071,
      "corp": 98672562,
      "ally": 99007160,
      "fctn": 0,
      "ship": 4308,
      "weap": 4308,
      "dmg": 19836,
      "blow": false
    },
    {
      "char": 1820700299,
      "corp": 1934335478,
      "ally": 99007160,
      "fctn": 0,
      "ship": 4308,
      "weap": 4308,
      "dmg": 19658,
      "blow": false
    },
    {
      "char": 2114246982,
      "corp": 98672562,
      "ally": 99007160,
      "fctn": 0,
      "ship": 4308,
      "weap": 4308,